draw_id,fecha,label,n1,n2,n3,fetched_at,source
LN|2026-02-19|MID,2026-02-19,MID,31,30,04,2026-02-19T19:30:12Z,loteriadominicana.com.do
LN|2026-02-19|NIGHT,2026-02-19,NIGHT,79,89,95,2026-02-20T05:40:55Z,loteriadominicana.com.do
LN|2026-02-20|MID,2026-02-20,MID,87,72,63,2026-02-20T19:26:05Z,loteriadominicana.com.do
LN|2026-02-20|NIGHT,2026-02-20,NIGHT,58,35,18,2026-02-21T05:13:37Z,loteriadominicana.com.do
LN|2026-02-21|MID,2026-02-21,MID,12,55,84,2026-02-21T18:52:10Z,loteriadominicana.com.do
LN|2026-02-21|NIGHT,2026-02-21,NIGHT,70,38,08,2026-02-22T04:08:39Z,loteriadominicana.com.do
LN|2026-02-22|MID,2026-02-22,MID,19,66,86,2026-02-22T19:24:54Z,loteriadominicana.com.do
LN|2026-02-22|NIGHT,2026-02-22,NIGHT,40,29,45,2026-02-23T04:14:35Z,loteriadominicana.com.do
LN|2026-02-23|MID,2026-02-23,MID,67,83,34,2026-02-23T19:56:51Z,loteriadominicana.com.do
LN|2026-02-23|NIGHT,2026-02-23,NIGHT,35,68,60,2026-02-24T04:10:04Z,loteriadominicana.com.do
LN|2026-02-24|MID,2026-02-24,MID,37,40,31,2026-02-24T22:49:05Z,loteriadominicana.com.do
LN|2026-02-24|NIGHT,2026-02-24,NIGHT,39,56,66,2026-02-25T04:11:39Z,loteriadominicana.com.do
LN|2026-02-25|MID,2026-02-25,MID,15,80,67,2026-02-25T19:49:21Z,loteriadominicana.com.do
LN|2026-02-25|NIGHT,2026-02-25,NIGHT,53,15,44,2026-02-26T04:08:16Z,loteriadominicana.com.do
LN|2026-02-26|MID,2026-02-26,MID,12,94,21,2026-02-26T19:42:59Z,loteriadominicana.com.do
LN|2026-02-26|NIGHT,2026-02-26,NIGHT,00,21,48,2026-02-27T04:04:41Z,loteriadominicana.com.do
LN|2026-02-28|MID,2026-02-28,MID,81,48,75,2026-02-28T19:20:51Z,loteriadominicana.com.do
LN|2026-02-28|NIGHT,2026-02-28,NIGHT,80,75,08,2026-03-01T04:14:07Z,loteriadominicana.com.do
LN|2026-03-01|MID,2026-03-01,MID,57,00,53,2026-03-01T19:22:54Z,loteriadominicana.com.do
LN|2026-03-01|NIGHT,2026-03-01,NIGHT,11,13,08,2026-03-02T04:05:37Z,loteriadominicana.com.do
LN|2026-03-02|MID,2026-03-02,MID,55,51,91,2026-03-02T19:36:35Z,loteriadominicana.com.do
LN|2026-03-02|NIGHT,2026-03-02,NIGHT,30,68,44,2026-03-03T04:06:23Z,loteriadominicana.com.do
LN|2026-03-03|MID,2026-03-03,MID,64,53,25,2026-03-03T20:20:50Z,loteriadominicana.com.do
LN|2026-03-03|NIGHT,2026-03-03,NIGHT,43,04,19,2026-03-04T04:00:51Z,loteriadominicana.com.do
LN|2026-03-04|MID,2026-03-04,MID,37,32,21,2026-03-04T19:38:29Z,loteriadominicana.com.do
LN|2026-03-04|NIGHT,2026-03-04,NIGHT,61,22,64,2026-03-05T04:04:18Z,loteriadominicana.com.do
LN|2026-03-05|MID,2026-03-05,MID,44,93,62,2026-03-05T19:52:17Z,loteriadominicana.com.do
LN|2026-03-05|NIGHT,2026-03-05,NIGHT,84,61,55,2026-03-06T04:01:50Z,loteriadominicana.com.do
LN|2026-03-06|MID,2026-03-06,MID,55,69,79,2026-03-06T19:34:21Z,loteriadominicana.com.do
LN|2026-03-06|NIGHT,2026-03-06,NIGHT,41,93,30,2026-03-07T03:52:29Z,loteriadominicana.com.do
LN|2026-03-07|MID,2026-03-07,MID,41,15,10,2026-03-07T19:21:48Z,loteriadominicana.com.do
LN|2026-03-07|NIGHT,2026-03-07,NIGHT,84,61,19,2026-03-08T04:03:06Z,loteriadominicana.com.do
LN|2026-03-08|MID,2026-03-08,MID,59,36,79,2026-03-08T19:23:24Z,loteriadominicana.com.do
LN|2026-03-08|NIGHT,2026-03-08,NIGHT,55,14,90,2026-03-09T04:08:22Z,loteriadominicana.com.do
LN|2026-03-09|MID,2026-03-09,MID,09,66,50,2026-03-09T19:40:42Z,loteriadominicana.com.do
LN|2026-03-09|NIGHT,2026-03-09,NIGHT,50,83,92,2026-03-10T04:00:54Z,loteriadominicana.com.do
LN|2026-03-10|MID,2026-03-10,MID,53,80,98,2026-03-10T19:38:24Z,loteriadominicana.com.do
LN|2026-03-10|NIGHT,2026-03-10,NIGHT,79,07,78,2026-03-11T04:01:44Z,loteriadominicana.com.do
LN|2026-03-11|MID,2026-03-11,MID,59,46,94,2026-03-11T19:40:56Z,loteriadominicana.com.do
LN|2026-03-11|NIGHT,2026-03-11,NIGHT,35,96,38,2026-03-12T04:06:05Z,loteriadominicana.com.do
LN|2026-03-12|MID,2026-03-12,MID,86,84,15,2026-03-12T19:42:46Z,loteriadominicana.com.do
LN|2026-03-12|NIGHT,2026-03-12,NIGHT,30,31,27,2026-03-13T04:04:08Z,loteriadominicana.com.do
LN|2026-03-13|MID,2026-03-13,MID,98,27,55,2026-03-13T19:31:31Z,loteriadominicana.com.do
LN|2026-03-13|NIGHT,2026-03-13,NIGHT,94,24,04,2026-03-14T04:02:55Z,loteriadominicana.com.do
LN|2026-03-14|MID,2026-03-14,MID,64,01,18,2026-03-14T19:26:59Z,loteriadominicana.com.do
LN|2026-03-14|NIGHT,2026-03-14,NIGHT,76,79,95,2026-03-15T04:25:33Z,loteriadominicana.com.do
LN|2026-03-15|MID,2026-03-15,MID,68,35,40,2026-03-15T19:28:09Z,loteriadominicana.com.do
LN|2026-03-15|NIGHT,2026-03-15,NIGHT,15,89,56,2026-03-16T01:37:30Z,loteriadominicana.com.do
LN|2026-03-16|MID,2026-03-16,MID,29,11,42,2026-03-16T19:52:38Z,loteriadominicana.com.do
LN|2026-03-16|NIGHT,2026-03-16,NIGHT,43,75,19,2026-03-17T04:09:12Z,loteriadominicana.com.do
LN|2026-03-17|MID,2026-03-17,MID,92,50,66,2026-03-17T19:54:25Z,loteriadominicana.com.do
LN|2026-03-17|NIGHT,2026-03-17,NIGHT,54,25,82,2026-03-18T04:15:01Z,loteriadominicana.com.do
LN|2026-03-18|MID,2026-03-18,MID,66,98,78,2026-03-18T19:49:36Z,loteriadominicana.com.do
LN|2026-03-18|NIGHT,2026-03-18,NIGHT,86,61,34,2026-03-19T04:14:06Z,loteriadominicana.com.do
LN|2026-03-19|MID,2026-03-19,MID,29,79,45,2026-03-19T19:46:31Z,loteriadominicana.com.do
LN|2026-03-19|NIGHT,2026-03-19,NIGHT,06,19,26,2026-03-20T04:05:55Z,loteriadominicana.com.do
LN|2026-03-20|MID,2026-03-20,MID,94,19,94,2026-03-20T19:37:18Z,loteriadominicana.com.do
LN|2026-03-20|NIGHT,2026-03-20,NIGHT,08,82,21,2026-03-21T03:57:02Z,loteriadominicana.com.do
LN|2026-03-21|MID,2026-03-21,MID,68,32,43,2026-03-21T19:24:15Z,loteriadominicana.com.do
LN|2026-03-21|NIGHT,2026-03-21,NIGHT,35,44,63,2026-03-22T04:11:17Z,loteriadominicana.com.do
LN|2026-03-22|MID,2026-03-22,MID,07,98,36,2026-03-22T19:25:57Z,loteriadominicana.com.do
LN|2026-03-22|NIGHT,2026-03-22,NIGHT,05,57,33,2026-03-23T04:19:56Z,loteriadominicana.com.do
LN|2026-03-23|MID,2026-03-23,MID,84,46,81,2026-03-23T19:49:12Z,loteriadominicana.com.do
LN|2026-03-23|NIGHT,2026-03-23,NIGHT,81,45,53,2026-03-24T04:09:41Z,loteriadominicana.com.do
LN|2026-03-24|MID,2026-03-24,MID,62,97,26,2026-03-24T19:53:21Z,loteriadominicana.com.do
LN|2026-03-24|NIGHT,2026-03-24,NIGHT,57,85,81,2026-03-25T02:47:48Z,loteriadominicana.com.do
LN|2026-03-25|MID,2026-03-25,MID,40,20,94,2026-03-25T19:47:19Z,loteriadominicana.com.do
LN|2026-03-25|NIGHT,2026-03-25,NIGHT,85,50,79,2026-03-26T04:25:26Z,loteriadominicana.com.do
LN|2026-03-26|MID,2026-03-26,MID,01,46,62,2026-03-26T19:54:45Z,loteriadominicana.com.do
LN|2026-03-26|NIGHT,2026-03-26,NIGHT,68,09,59,2026-03-27T04:26:50Z,loteriadominicana.com.do
LN|2026-03-27|MID,2026-03-27,MID,35,61,98,2026-03-27T19:41:06Z,loteriadominicana.com.do
LN|2026-03-27|NIGHT,2026-03-27,NIGHT,57,54,54,2026-03-28T04:11:03Z,loteriadominicana.com.do
LN|2026-03-28|MID,2026-03-28,MID,50,04,11,2026-03-28T19:29:41Z,loteriadominicana.com.do
LN|2026-03-28|NIGHT,2026-03-28,NIGHT,63,75,84,2026-03-29T04:30:12Z,loteriadominicana.com.do
LN|2026-03-29|MID,2026-03-29,MID,85,62,71,2026-03-29T19:11:04Z,loteriadominicana.com.do
LN|2026-03-29|NIGHT,2026-03-29,NIGHT,84,47,18,2026-03-30T04:37:46Z,loteriadominicana.com.do
LN|2026-03-30|MID,2026-03-30,MID,33,92,41,2026-03-30T19:55:18Z,loteriadominicana.com.do
LN|2026-03-30|NIGHT,2026-03-30,NIGHT,21,78,87,2026-03-31T04:29:21Z,loteriadominicana.com.do
LN|2026-03-31|MID,2026-03-31,MID,64,06,99,2026-03-31T19:54:29Z,loteriadominicana.com.do
LN|2026-03-31|NIGHT,2026-03-31,NIGHT,11,28,84,2026-04-01T04:40:52Z,loteriadominicana.com.do
LN|2026-04-01|MID,2026-04-01,MID,27,72,16,2026-04-01T19:57:33Z,loteriadominicana.com.do
LN|2026-04-01|NIGHT,2026-04-01,NIGHT,59,55,71,2026-04-02T04:21:47Z,loteriadominicana.com.do
LN|2026-04-03|MID,2026-04-03,MID,27,72,16,2026-04-03T19:38:23Z,loteriadominicana.com.do
LN|2026-04-03|NIGHT,2026-04-03,NIGHT,59,55,71,2026-04-04T04:08:45Z,loteriadominicana.com.do
LN|2026-04-05|MID,2026-04-05,MID,54,63,42,2026-04-05T19:33:25Z,loteriadominicana.com.do
LN|2026-04-05|NIGHT,2026-04-05,NIGHT,67,43,70,2026-04-06T04:37:22Z,loteriadominicana.com.do
LN|2026-04-06|MID,2026-04-06,MID,91,99,33,2026-04-06T19:52:58Z,loteriadominicana.com.do
LN|2026-04-06|NIGHT,2026-04-06,NIGHT,08,76,17,2026-04-07T04:26:31Z,loteriadominicana.com.do
LN|2026-04-07|MID,2026-04-07,MID,44,89,24,2026-04-07T19:56:50Z,loteriadominicana.com.do
LN|2026-04-07|NIGHT,2026-04-07,NIGHT,58,66,25,2026-04-08T04:29:30Z,loteriadominicana.com.do
LN|2026-04-08|MID,2026-04-08,MID,21,47,73,2026-04-08T19:58:54Z,loteriadominicana.com.do
LN|2026-04-08|NIGHT,2026-04-08,NIGHT,24,46,90,2026-04-09T04:26:01Z,loteriadominicana.com.do
LN|2026-04-09|MID,2026-04-09,MID,12,93,33,2026-04-09T20:02:06Z,loteriadominicana.com.do
LN|2026-04-09|NIGHT,2026-04-09,NIGHT,23,46,94,2026-04-10T04:39:38Z,loteriadominicana.com.do
LN|2026-04-10|MID,2026-04-10,MID,09,29,48,2026-04-10T19:43:21Z,loteriadominicana.com.do
LN|2026-04-10|NIGHT,2026-04-10,NIGHT,82,42,99,2026-04-11T04:12:56Z,loteriadominicana.com.do
LN|2026-04-11|MID,2026-04-11,MID,23,82,79,2026-04-11T19:34:57Z,loteriadominicana.com.do
LN|2026-04-11|NIGHT,2026-04-11,NIGHT,60,45,73,2026-04-12T04:40:08Z,loteriadominicana.com.do
LN|2026-04-12|MID,2026-04-12,MID,01,88,49,2026-04-12T19:38:59Z,loteriadominicana.com.do
LN|2026-04-12|NIGHT,2026-04-12,NIGHT,78,52,13,2026-04-13T04:51:48Z,loteriadominicana.com.do
LN|2026-04-13|MID,2026-04-13,MID,37,62,44,2026-04-13T20:05:04Z,loteriadominicana.com.do
LN|2026-04-13|NIGHT,2026-04-13,NIGHT,40,42,68,2026-04-14T04:38:58Z,loteriadominicana.com.do
LN|2026-04-14|MID,2026-04-14,MID,61,03,84,2026-04-14T20:04:59Z,loteriadominicana.com.do
LN|2026-04-14|NIGHT,2026-04-14,NIGHT,37,37,14,2026-04-15T04:38:48Z,loteriadominicana.com.do
LN|2026-04-15|MID,2026-04-15,MID,51,53,18,2026-04-15T20:02:48Z,loteriadominicana.com.do
LN|2026-04-15|NIGHT,2026-04-15,NIGHT,27,61,21,2026-04-16T04:45:15Z,loteriadominicana.com.do
LN|2026-04-16|MID,2026-04-16,MID,27,42,24,2026-04-16T19:59:39Z,loteriadominicana.com.do
LN|2026-04-16|NIGHT,2026-04-16,NIGHT,03,40,96,2026-04-17T04:42:22Z,loteriadominicana.com.do
LN|2026-04-17|MID,2026-04-17,MID,26,24,98,2026-04-17T19:57:51Z,loteriadominicana.com.do
LN|2026-04-17|NIGHT,2026-04-17,NIGHT,87,18,69,2026-04-18T04:24:44Z,loteriadominicana.com.do
LN|2026-04-18|MID,2026-04-18,MID,92,20,67,2026-04-18T19:40:51Z,loteriadominicana.com.do
LN|2026-04-18|NIGHT,2026-04-18,NIGHT,67,99,99,2026-04-19T04:44:56Z,loteriadominicana.com.do
LN|2026-04-19|MID,2026-04-19,MID,50,63,46,2026-04-19T19:41:13Z,loteriadominicana.com.do
LN|2026-04-19|NIGHT,2026-04-19,NIGHT,74,94,53,2026-04-20T04:51:41Z,loteriadominicana.com.do
LN|2026-04-20|MID,2026-04-20,MID,33,20,05,2026-04-20T19:59:16Z,loteriadominicana.com.do
LN|2026-04-20|NIGHT,2026-04-20,NIGHT,22,10,92,2026-04-21T04:41:48Z,loteriadominicana.com.do
LN|2026-04-21|MID,2026-04-21,MID,06,67,65,2026-04-21T20:02:54Z,loteriadominicana.com.do
LN|2026-04-21|NIGHT,2026-04-21,NIGHT,80,20,81,2026-04-22T04:39:47Z,loteriadominicana.com.do
LN|2026-04-22|MID,2026-04-22,MID,23,04,32,2026-04-22T20:04:53Z,loteriadominicana.com.do
LN|2026-04-23|MID,2026-04-23,MID,64,67,96,2026-04-23T20:05:52Z,loteriadominicana.com.do
LN|2026-04-23|NIGHT,2026-04-23,NIGHT,50,95,42,2026-04-24T04:48:20Z,loteriadominicana.com.do
LN|2026-04-24|MID,2026-04-24,MID,53,94,23,2026-04-24T19:52:01Z,loteriadominicana.com.do
LN|2026-04-24|NIGHT,2026-04-24,NIGHT,12,72,65,2026-04-25T04:29:26Z,loteriadominicana.com.do
LN|2026-04-25|MID,2026-04-25,MID,23,71,39,2026-04-25T19:43:37Z,loteriadominicana.com.do
LN|2026-04-25|NIGHT,2026-04-25,NIGHT,43,68,57,2026-04-26T04:52:53Z,loteriadominicana.com.do
LN|2026-04-26|MID,2026-04-26,MID,58,91,85,2026-04-26T19:47:04Z,loteriadominicana.com.do
LN|2026-04-26|NIGHT,2026-04-26,NIGHT,22,54,29,2026-04-27T05:15:52Z,loteriadominicana.com.do
LN|2026-04-27|MID,2026-04-27,MID,01,06,80,2026-04-27T20:07:52Z,loteriadominicana.com.do
LN|2026-04-27|NIGHT,2026-04-27,NIGHT,31,17,20,2026-04-28T05:23:27Z,loteriadominicana.com.do
LN|2026-04-28|MID,2026-04-28,MID,46,74,29,2026-04-28T20:15:59Z,loteriadominicana.com.do
LN|2026-04-28|NIGHT,2026-04-28,NIGHT,59,43,08,2026-04-29T05:19:47Z,loteriadominicana.com.do
LN|2026-04-29|MID,2026-04-29,MID,48,41,78,2026-04-29T20:09:43Z,loteriadominicana.com.do
LN|2026-04-29|NIGHT,2026-04-29,NIGHT,09,64,96,2026-04-30T05:23:22Z,loteriadominicana.com.do
LN|2026-04-30|MID,2026-04-30,MID,02,79,06,2026-04-30T20:08:12Z,loteriadominicana.com.do
LN|2026-04-30|NIGHT,2026-04-30,NIGHT,30,96,21,2026-05-01T05:35:16Z,loteriadominicana.com.do
LN|2026-05-01|MID,2026-05-01,MID,84,65,36,2026-05-01T20:04:01Z,loteriadominicana.com.do
LN|2026-05-01|NIGHT,2026-05-01,NIGHT,94,34,96,2026-05-02T04:53:04Z,loteriadominicana.com.do
LN|2026-05-02|MID,2026-05-02,MID,20,97,20,2026-05-02T19:54:16Z,loteriadominicana.com.do
LN|2026-05-02|NIGHT,2026-05-02,NIGHT,88,97,11,2026-05-03T05:23:17Z,loteriadominicana.com.do
LN|2026-05-03|MID,2026-05-03,MID,36,59,21,2026-05-03T19:54:22Z,loteriadominicana.com.do
LN|2026-05-03|NIGHT,2026-05-03,NIGHT,74,47,79,2026-05-04T05:26:32Z,loteriadominicana.com.do
LN|2026-05-04|MID,2026-05-04,MID,76,62,19,2026-05-04T20:14:51Z,loteriadominicana.com.do
LN|2026-05-04|NIGHT,2026-05-04,NIGHT,23,77,78,2026-05-05T04:54:53Z,loteriadominicana.com.do
LN|2026-05-05|MID,2026-05-05,MID,68,50,93,2026-05-05T20:07:15Z,loteriadominicana.com.do
LN|2026-05-05|NIGHT,2026-05-05,NIGHT,42,63,72,2026-05-06T05:21:53Z,loteriadominicana.com.do
LN|2026-05-06|MID,2026-05-06,MID,74,65,02,2026-05-06T20:22:16Z,loteriadominicana.com.do
LN|2026-05-06|NIGHT,2026-05-06,NIGHT,51,74,58,2026-05-07T05:24:25Z,loteriadominicana.com.do
LN|2026-05-07|MID,2026-05-07,MID,39,42,82,2026-05-07T20:13:57Z,loteriadominicana.com.do
LN|2026-05-07|NIGHT,2026-05-07,NIGHT,39,87,17,2026-05-08T04:48:18Z,loteriadominicana.com.do
LN|2026-05-08|MID,2026-05-08,MID,93,64,13,2026-05-08T20:06:15Z,loteriadominicana.com.do
LN|2026-05-08|NIGHT,2026-05-08,NIGHT,51,41,55,2026-05-09T05:15:23Z,loteriadominicana.com.do
LN|2026-05-09|MID,2026-05-09,MID,73,51,86,2026-05-09T19:57:01Z,loteriadominicana.com.do
LN|2026-05-09|NIGHT,2026-05-09,NIGHT,84,37,17,2026-05-10T05:30:11Z,loteriadominicana.com.do
LN|2026-05-10|MID,2026-05-10,MID,70,81,90,2026-05-10T19:58:29Z,loteriadominicana.com.do
LN|2026-05-10|NIGHT,2026-05-10,NIGHT,38,10,27,2026-05-11T05:51:39Z,loteriadominicana.com.do
LN|2026-05-11|MID,2026-05-11,MID,31,87,69,2026-05-11T18:54:00Z,loteriadominicana.com.do
LN|2026-05-11|NIGHT,2026-05-11,NIGHT,02,34,98,2026-05-12T05:31:58Z,loteriadominicana.com.do
LN|2026-05-12|MID,2026-05-12,MID,48,10,95,2026-05-12T18:52:57Z,loteriadominicana.com.do
LN|2026-05-12|NIGHT,2026-05-12,NIGHT,88,83,63,2026-05-13T05:41:22Z,loteriadominicana.com.do
LN|2026-05-13|MID,2026-05-13,MID,90,78,80,2026-05-13T18:53:45Z,loteriadominicana.com.do
LN|2026-05-13|NIGHT,2026-05-13,NIGHT,07,28,89,2026-05-14T05:40:38Z,loteriadominicana.com.do
LN|2026-05-14|MID,2026-05-14,MID,38,24,22,2026-05-14T18:50:32Z,loteriadominicana.com.do
LN|2026-05-14|NIGHT,2026-05-14,NIGHT,33,82,82,2026-05-15T05:47:14Z,loteriadominicana.com.do
LN|2026-05-15|MID,2026-05-15,MID,40,14,75,2026-05-15T20:16:30Z,loteriadominicana.com.do
LN|2026-05-15|NIGHT,2026-05-15,NIGHT,30,40,40,2026-05-16T05:20:22Z,loteriadominicana.com.do
LN|2026-05-16|MID,2026-05-16,MID,16,76,71,2026-05-16T20:01:22Z,loteriadominicana.com.do
LN|2026-05-16|NIGHT,2026-05-16,NIGHT,49,47,89,2026-05-17T05:41:39Z,loteriadominicana.com.do
LN|2026-05-17|MID,2026-05-17,MID,77,79,92,2026-05-17T20:04:24Z,loteriadominicana.com.do
LN|2026-05-17|NIGHT,2026-05-17,NIGHT,78,65,97,2026-05-18T06:04:34Z,loteriadominicana.com.do
LN|2026-05-18|MID,2026-05-18,MID,92,66,64,2026-05-18T20:24:15Z,loteriadominicana.com.do
LN|2026-05-18|NIGHT,2026-05-18,NIGHT,88,33,80,2026-05-19T05:59:10Z,loteriadominicana.com.do
LN|2026-05-19|MID,2026-05-19,MID,95,79,99,2026-05-19T18:56:38Z,loteriadominicana.com.do
LN|2026-05-19|NIGHT,2026-05-19,NIGHT,27,54,52,2026-05-20T05:58:29Z,loteriadominicana.com.do
LN|2026-05-20|MID,2026-05-20,MID,37,96,76,2026-05-20T19:19:58Z,loteriadominicana.com.do
LN|2026-05-20|NIGHT,2026-05-20,NIGHT,16,47,20,2026-05-21T06:02:18Z,loteriadominicana.com.do
LN|2026-05-21|MID,2026-05-21,MID,32,83,93,2026-05-21T18:56:52Z,loteriadominicana.com.do
LN|2026-05-22|MID,2026-05-22,MID,69,53,68,2026-05-22T19:00:52Z,loteriadominicana.com.do
LN|2026-05-22|NIGHT,2026-05-22,NIGHT,09,36,12,2026-05-23T02:00:52Z,loteriadominicana.com.do
LN|2026-05-21|NIGHT,2026-05-21,NIGHT,17,98,36,2026-05-23T02:01:02Z,loteriadominicana.com.do
LN|2026-05-23|MID,2026-05-23,MID,85,11,63,2026-05-23T19:10:51Z,loteriadominicana.com.do
LN|2026-05-23|NIGHT,2026-05-23,NIGHT,70,46,17,2026-05-24T02:01:08Z,loteriadominicana.com.do
LN|2026-05-24|MID,2026-05-24,MID,45,28,78,2026-05-24T19:01:08Z,loteriadominicana.com.do
LN|2026-05-24|NIGHT,2026-05-24,NIGHT,12,35,51,2026-05-25T02:01:21Z,loteriadominicana.com.do
LN|2026-05-25|MID,2026-05-25,MID,97,11,45,2026-05-25T19:00:26Z,loteriadominicana.com.do
LN|2026-05-25|NIGHT,2026-05-25,NIGHT,65,65,04,2026-05-26T02:00:23Z,loteriadominicana.com.do
LN|2026-05-30|MID,2026-05-30,MID,69,37,43,2026-05-30T19:00:48Z,loteriadominicana.com.do
LN|2026-05-30|NIGHT,2026-05-30,NIGHT,49,37,87,2026-05-31T02:02:16Z,loteriadominicana.com.do
LN|2026-05-29|MID,2026-05-29,MID,85,31,23,2026-05-31T02:02:25Z,loteriadominicana.com.do
LN|2026-05-29|NIGHT,2026-05-29,NIGHT,84,26,47,2026-05-31T02:02:25Z,loteriadominicana.com.do
LN|2026-05-31|MID,2026-05-31,MID,70,98,41,2026-05-31T19:01:07Z,loteriadominicana.com.do
LN|2026-05-31|NIGHT,2026-05-31,NIGHT,69,68,54,2026-06-01T02:01:08Z,loteriadominicana.com.do
LN|2026-06-01|MID,2026-06-01,MID,06,31,21,2026-06-01T19:01:02Z,loteriadominicana.com.do
LN|2026-06-01|NIGHT,2026-06-01,NIGHT,16,77,72,2026-06-02T02:01:03Z,loteriadominicana.com.do
LN|2026-06-02|MID,2026-06-02,MID,19,70,79,2026-06-02T19:01:05Z,loteriadominicana.com.do
LN|2026-06-02|NIGHT,2026-06-02,NIGHT,05,64,66,2026-06-03T02:01:04Z,loteriadominicana.com.do
LN|2026-06-03|MID,2026-06-03,MID,13,34,26,2026-06-03T19:01:03Z,loteriadominicana.com.do
LN|2026-06-03|NIGHT,2026-06-03,NIGHT,28,31,05,2026-06-04T01:34:29Z,loteriadominicana.com.do
LN|2026-06-04|MID,2026-06-04,MID,51,33,49,2026-06-04T19:01:05Z,loteriadominicana.com.do
LN|2026-06-04|NIGHT,2026-06-04,NIGHT,74,26,22,2026-06-05T02:01:02Z,loteriadominicana.com.do
LN|2026-06-05|MID,2026-06-05,MID,71,27,82,2026-06-05T19:01:02Z,loteriadominicana.com.do
LN|2026-06-05|NIGHT,2026-06-05,NIGHT,97,57,53,2026-06-06T02:01:06Z,loteriadominicana.com.do
LN|2026-06-06|MID,2026-06-06,MID,13,60,30,2026-06-06T19:01:07Z,loteriadominicana.com.do
LN|2026-06-06|NIGHT,2026-06-06,NIGHT,07,84,80,2026-06-07T02:01:05Z,loteriadominicana.com.do
LN|2026-06-07|MID,2026-06-07,MID,96,51,78,2026-06-07T19:01:06Z,loteriadominicana.com.do
LN|2026-06-07|NIGHT,2026-06-07,NIGHT,53,39,92,2026-06-08T02:01:05Z,loteriadominicana.com.do
LN|2026-06-08|MID,2026-06-08,MID,81,88,82,2026-06-08T19:01:06Z,loteriadominicana.com.do
LN|2026-06-08|NIGHT,2026-06-08,NIGHT,37,17,73,2026-06-09T02:01:04Z,loteriadominicana.com.do
LN|2026-06-09|MID,2026-06-09,MID,67,66,37,2026-06-09T19:01:03Z,loteriadominicana.com.do
LN|2026-06-09|NIGHT,2026-06-09,NIGHT,76,80,58,2026-06-10T02:01:05Z,loteriadominicana.com.do
LN|2026-06-10|MID,2026-06-10,MID,02,17,28,2026-06-10T19:01:02Z,loteriadominicana.com.do
LN|2026-06-10|NIGHT,2026-06-10,NIGHT,89,42,17,2026-06-11T02:01:08Z,loteriadominicana.com.do
LN|2026-06-11|MID,2026-06-11,MID,45,49,04,2026-06-11T19:01:06Z,loteriadominicana.com.do
LN|2026-06-11|NIGHT,2026-06-11,NIGHT,69,40,75,2026-06-12T02:01:07Z,loteriadominicana.com.do
LN|2026-06-12|MID,2026-06-12,MID,25,20,35,2026-06-12T19:01:03Z,loteriadominicana.com.do
LN|2026-06-12|NIGHT,2026-06-12,NIGHT,94,45,42,2026-06-13T02:01:03Z,loteriadominicana.com.do
LN|2026-06-13|MID,2026-06-13,MID,61,39,11,2026-06-13T19:01:07Z,loteriadominicana.com.do
LN|2026-06-13|NIGHT,2026-06-13,NIGHT,30,80,12,2026-06-14T02:01:05Z,loteriadominicana.com.do
LN|2026-06-14|MID,2026-06-14,MID,37,42,33,2026-06-14T19:01:03Z,loteriadominicana.com.do
LN|2026-06-14|NIGHT,2026-06-14,NIGHT,66,03,83,2026-06-15T02:01:04Z,loteriadominicana.com.do
LN|2026-06-15|MID,2026-06-15,MID,44,50,62,2026-06-15T19:01:04Z,loteriadominicana.com.do
LN|2026-06-15|NIGHT,2026-06-15,NIGHT,28,86,92,2026-06-16T02:01:07Z,loteriadominicana.com.do
LN|2026-06-16|MID,2026-06-16,MID,54,61,18,2026-06-16T19:01:05Z,loteriadominicana.com.do
LN|2026-06-16|NIGHT,2026-06-16,NIGHT,62,11,79,2026-06-17T03:44:14Z,loteriadominicana.com.do
LN|2026-06-17|MID,2026-06-17,MID,54,21,61,2026-06-17T19:00:57Z,loteriadominicana.com.do
LN|2026-06-17|NIGHT,2026-06-17,NIGHT,63,65,87,2026-06-18T02:00:59Z,loteriadominicana.com.do
LN|2026-06-18|MID,2026-06-18,MID,97,79,15,2026-06-18T19:00:59Z,loteriadominicana.com.do
LN|2026-06-18|NIGHT,2026-06-18,NIGHT,81,43,98,2026-06-19T02:00:59Z,loteriadominicana.com.do
LN|2026-06-19|MID,2026-06-19,MID,87,30,86,2026-06-19T19:00:29Z,loteriadominicana.com.do
LN|2026-06-19|NIGHT,2026-06-19,NIGHT,63,29,61,2026-06-20T02:00:27Z,loteriadominicana.com.do
LN|2026-06-20|MID,2026-06-20,MID,99,53,10,2026-06-20T19:00:29Z,loteriadominicana.com.do
LN|2026-06-20|NIGHT,2026-06-20,NIGHT,70,04,65,2026-06-21T02:00:29Z,loteriadominicana.com.do
LN|2026-06-21|MID,2026-06-21,MID,41,58,89,2026-06-21T19:00:30Z,loteriadominicana.com.do
LN|2026-06-21|NIGHT,2026-06-21,NIGHT,44,00,10,2026-06-22T02:00:29Z,loteriadominicana.com.do
LN|2026-06-22|MID,2026-06-22,MID,58,07,21,2026-06-22T19:00:28Z,loteriadominicana.com.do
LN|2026-06-22|NIGHT,2026-06-22,NIGHT,74,05,20,2026-06-23T02:00:59Z,loteriadominicana.com.do
LN|2026-06-23|MID,2026-06-23,MID,07,23,59,2026-06-23T19:01:27Z,loteriadominicana.com.do
LN|2026-06-23|NIGHT,2026-06-23,NIGHT,35,00,63,2026-06-24T02:01:27Z,loteriadominicana.com.do
LN|2026-06-24|MID,2026-06-24,MID,41,07,81,2026-06-24T19:01:30Z,loteriadominicana.com.do
LN|2026-06-24|NIGHT,2026-06-24,NIGHT,47,46,28,2026-06-25T02:01:04Z,loteriadominicana.com.do
LN|2026-06-25|MID,2026-06-25,MID,14,38,85,2026-06-25T19:01:08Z,loteriadominicana.com.do
LN|2026-06-25|NIGHT,2026-06-25,NIGHT,27,63,86,2026-06-26T02:00:41Z,loteriadominicana.com.do
LN|2026-06-26|MID,2026-06-26,MID,69,55,50,2026-06-26T19:01:05Z,loteriadominicana.com.do
LN|2026-06-26|NIGHT,2026-06-26,NIGHT,78,74,16,2026-06-27T02:00:43Z,loteriadominicana.com.do
LN|2026-06-27|MID,2026-06-27,MID,47,85,42,2026-06-27T19:01:12Z,loteriadominicana.com.do
LN|2026-06-27|NIGHT,2026-06-27,NIGHT,31,07,50,2026-06-28T02:01:00Z,loteriadominicana.com.do
LN|2026-06-28|MID,2026-06-28,MID,96,88,15,2026-06-28T19:01:04Z,loteriadominicana.com.do
LN|2026-06-28|NIGHT,2026-06-28,NIGHT,36,77,38,2026-06-29T02:00:59Z,loteriadominicana.com.do
LN|2026-06-29|MID,2026-06-29,MID,17,29,86,2026-06-29T19:00:42Z,loteriadominicana.com.do
LN|2026-06-30|MID,2026-06-30,MID,85,47,97,2026-06-30T19:00:22Z,loteriadominicana.com.do
LN|2026-06-30|NIGHT,2026-06-30,NIGHT,94,93,61,2026-07-01T02:00:23Z,loteriadominicana.com.do
LN|2026-06-29|NIGHT,2026-06-29,NIGHT,00,97,42,2026-07-01T02:00:33Z,loteriadominicana.com.do
LN|2026-07-01|MID,2026-07-01,MID,86,74,00,2026-07-01T19:00:22Z,loteriadominicana.com.do
LN|2026-07-01|NIGHT,2026-07-01,NIGHT,23,34,82,2026-07-02T02:00:25Z,loteriadominicana.com.do
LN|2026-07-02|MID,2026-07-02,MID,89,44,85,2026-07-02T19:01:04Z,loteriadominicana.com.do
LN|2026-07-02|NIGHT,2026-07-02,NIGHT,09,71,74,2026-07-03T02:01:05Z,loteriadominicana.com.do
LN|2026-07-03|MID,2026-07-03,MID,79,17,51,2026-07-03T19:01:04Z,loteriadominicana.com.do
LN|2026-07-03|NIGHT,2026-07-03,NIGHT,86,36,86,2026-07-04T02:01:06Z,loteriadominicana.com.do
LN|2026-07-04|MID,2026-07-04,MID,33,18,23,2026-07-04T19:01:05Z,loteriadominicana.com.do
LN|2026-07-04|NIGHT,2026-07-04,NIGHT,59,72,85,2026-07-05T02:01:05Z,loteriadominicana.com.do
LN|2026-07-05|MID,2026-07-05,MID,65,95,06,2026-07-05T19:01:05Z,loteriadominicana.com.do
LN|2026-07-05|NIGHT,2026-07-05,NIGHT,23,07,09,2026-07-06T02:01:04Z,loteriadominicana.com.do
LN|2026-07-06|MID,2026-07-06,MID,00,09,21,2026-07-06T19:01:09Z,loteriadominicana.com.do
LN|2026-07-06|NIGHT,2026-07-06,NIGHT,32,04,53,2026-07-07T02:01:07Z,loteriadominicana.com.do
LN|2026-07-07|MID,2026-07-07,MID,56,85,87,2026-07-07T19:01:04Z,loteriadominicana.com.do
LN|2026-07-07|NIGHT,2026-07-07,NIGHT,15,52,03,2026-07-08T02:01:09Z,loteriadominicana.com.do
LN|2026-07-08|MID,2026-07-08,MID,96,19,70,2026-07-08T19:01:05Z,loteriadominicana.com.do
LN|2026-07-08|NIGHT,2026-07-08,NIGHT,77,24,89,2026-07-09T02:01:08Z,loteriadominicana.com.do
LN|2026-07-09|MID,2026-07-09,MID,83,81,59,2026-07-09T19:01:08Z,loteriadominicana.com.do
LN|2026-07-09|NIGHT,2026-07-09,NIGHT,42,26,85,2026-07-10T05:58:56Z,loteriadominicana.com.do
LN|2026-07-10|MID,2026-07-10,MID,40,34,83,2026-07-10T19:01:06Z,loteriadominicana.com.do
LN|2026-07-10|NIGHT,2026-07-10,NIGHT,89,54,42,2026-07-11T02:01:05Z,loteriadominicana.com.do
LN|2026-07-11|MID,2026-07-11,MID,25,43,10,2026-07-11T19:01:05Z,loteriadominicana.com.do
LN|2026-07-11|NIGHT,2026-07-11,NIGHT,97,84,01,2026-07-12T02:01:08Z,loteriadominicana.com.do
LN|2026-07-12|MID,2026-07-12,MID,86,79,25,2026-07-12T19:01:08Z,loteriadominicana.com.do
LN|2026-07-12|NIGHT,2026-07-12,NIGHT,59,08,75,2026-07-13T02:01:06Z,loteriadominicana.com.do
LN|2026-07-13|MID,2026-07-13,MID,53,67,88,2026-07-13T19:01:04Z,loteriadominicana.com.do
LN|2026-07-13|NIGHT,2026-07-13,NIGHT,34,99,79,2026-07-14T02:01:04Z,loteriadominicana.com.do
LN|2026-07-14|MID,2026-07-14,MID,75,05,00,2026-07-14T19:01:07Z,loteriadominicana.com.do
LN|2026-07-14|NIGHT,2026-07-14,NIGHT,19,80,46,2026-07-15T02:01:08Z,loteriadominicana.com.do
LN|2026-07-15|MID,2026-07-15,MID,01,30,94,2026-07-15T19:01:05Z,loteriadominicana.com.do
LN|2026-07-15|NIGHT,2026-07-15,NIGHT,44,38,82,2026-07-16T02:01:08Z,loteriadominicana.com.do
LN|2026-07-16|MID,2026-07-16,MID,04,78,63,2026-07-16T19:01:08Z,loteriadominicana.com.do
LN|2026-07-16|NIGHT,2026-07-16,NIGHT,24,48,56,2026-07-17T02:01:09Z,loteriadominicana.com.do
LN|2026-07-17|MID,2026-07-17,MID,73,79,99,2026-07-17T19:01:06Z,loteriadominicana.com.do
LN|2026-07-17|NIGHT,2026-07-17,NIGHT,02,88,57,2026-07-18T02:01:08Z,loteriadominicana.com.do
LN|2026-07-18|MID,2026-07-18,MID,24,36,44,2026-07-18T19:01:21Z,loteriadominicana.com.do
LN|2026-07-18|NIGHT,2026-07-18,NIGHT,51,97,95,2026-07-19T02:01:07Z,loteriadominicana.com.do
LN|2026-07-19|MID,2026-07-19,MID,24,45,87,2026-07-19T19:01:05Z,loteriadominicana.com.do
LN|2026-07-19|NIGHT,2026-07-19,NIGHT,78,55,10,2026-07-20T02:01:06Z,loteriadominicana.com.do
LN|2026-07-20|MID,2026-07-20,MID,90,22,15,2026-07-20T19:01:16Z,loteriadominicana.com.do
LN|2026-07-20|NIGHT,2026-07-20,NIGHT,35,26,84,2026-07-21T02:00:38Z,loteriadominicana.com.do
LN|2026-07-21|MID,2026-07-21,MID,48,35,30,2026-07-21T19:00:38Z,loteriadominicana.com.do
LN|2026-07-21|NIGHT,2026-07-21,NIGHT,59,36,82,2026-07-22T02:00:38Z,loteriadominicana.com.do
LN|2026-07-22|MID,2026-07-22,MID,60,08,02,2026-07-22T19:00:41Z,loteriadominicana.com.do
LN|2026-07-22|NIGHT,2026-07-22,NIGHT,14,07,16,2026-07-23T02:00:40Z,loteriadominicana.com.do
LN|2026-07-23|MID,2026-07-23,MID,54,19,77,2026-07-23T19:00:38Z,loteriadominicana.com.do
LN|2026-07-23|NIGHT,2026-07-23,NIGHT,28,17,77,2026-07-24T02:00:42Z,loteriadominicana.com.do
LN|2026-07-24|MID,2026-07-24,MID,65,87,68,2026-07-24T19:00:40Z,loteriadominicana.com.do
LN|2026-07-24|NIGHT,2026-07-24,NIGHT,83,96,93,2026-07-25T02:00:40Z,loteriadominicana.com.do
LN|2026-07-25|MID,2026-07-25,MID,57,04,61,2026-07-25T19:00:56Z,loteriadominicana.com.do
LN|2026-07-25|NIGHT,2026-07-25,NIGHT,33,20,33,2026-07-26T02:00:55Z,loteriadominicana.com.do
LN|2026-07-26|MID,2026-07-26,MID,71,50,21,2026-07-26T19:01:03Z,loteriadominicana.com.do
LN|2026-07-26|NIGHT,2026-07-26,NIGHT,73,33,57,2026-07-27T02:01:01Z,loteriadominicana.com.do
LN|2026-07-27|MID,2026-07-27,MID,77,94,89,2026-07-27T19:01:02Z,loteriadominicana.com.do
LN|2026-07-27|NIGHT,2026-07-27,NIGHT,74,25,14,2026-07-28T02:01:03Z,loteriadominicana.com.do
LN|2026-07-28|MID,2026-07-28,MID,60,40,47,2026-07-28T19:01:00Z,loteriadominicana.com.do
LN|2026-07-28|NIGHT,2026-07-28,NIGHT,50,03,05,2026-07-29T02:01:00Z,loteriadominicana.com.do
LN|2026-07-29|MID,2026-07-29,MID,03,53,06,2026-07-29T19:01:03Z,loteriadominicana.com.do
LN|2026-07-29|NIGHT,2026-07-29,NIGHT,89,87,71,2026-07-30T02:00:59Z,loteriadominicana.com.do
LN|2026-07-30|MID,2026-07-30,MID,27,87,82,2026-07-30T19:00:58Z,loteriadominicana.com.do
LN|2026-07-30|NIGHT,2026-07-30,NIGHT,60,45,22,2026-07-31T02:01:03Z,loteriadominicana.com.do
LN|2026-07-31|MID,2026-07-31,MID,99,07,95,2026-07-31T19:01:03Z,loteriadominicana.com.do
LN|2026-07-31|NIGHT,2026-07-31,NIGHT,46,24,63,2026-08-01T06:17:19Z,loteriadominicana.com.do
LN|2026-08-01|MID,2026-08-01,MID,69,45,88,2026-08-01T20:01:19Z,loteriadominicana.com.do
LN|2026-08-01|NIGHT,2026-08-01,NIGHT,91,07,21,2026-08-02T02:01:18Z,loteriadominicana.com.do
LN|2026-08-02|MID,2026-08-02,MID,21,29,67,2026-08-02T19:01:17Z,loteriadominicana.com.do
LN|2026-08-02|NIGHT,2026-08-02,NIGHT,02,53,48,2026-08-03T02:01:15Z,loteriadominicana.com.do
LN|2026-08-03|MID,2026-08-03,MID,68,48,28,2026-08-03T19:01:15Z,loteriadominicana.com.do
LN|2026-08-03|NIGHT,2026-08-03,NIGHT,83,38,90,2026-08-04T04:59:26Z,loteriadominicana.com.do
LN|2026-08-04|MID,2026-08-04,MID,04,17,95,2026-08-04T19:00:37Z,loteriadominicana.com.do
LN|2026-08-04|NIGHT,2026-08-04,NIGHT,31,47,40,2026-08-05T02:00:22Z,loteriadominicana.com.do
LN|2026-08-05|MID,2026-08-05,MID,66,49,04,2026-08-05T19:01:08Z,loteriadominicana.com.do
LN|2026-08-05|NIGHT,2026-08-05,NIGHT,01,29,31,2026-08-06T02:01:07Z,loteriadominicana.com.do
LN|2026-08-06|MID,2026-08-06,MID,87,21,12,2026-08-06T19:01:05Z,loteriadominicana.com.do
LN|2026-08-06|NIGHT,2026-08-06,NIGHT,54,03,04,2026-08-07T02:01:03Z,loteriadominicana.com.do
LN|2026-08-07|MID,2026-08-07,MID,13,58,61,2026-08-07T19:00:29Z,loteriadominicana.com.do
LN|2026-08-07|NIGHT,2026-08-07,NIGHT,34,07,06,2026-08-08T08:53:50Z,loteriadominicana.com.do
LN|2026-08-08|MID,2026-08-08,MID,80,50,77,2026-08-08T19:01:08Z,loteriadominicana.com.do
LN|2026-08-08|NIGHT,2026-08-08,NIGHT,30,32,41,2026-08-09T02:01:05Z,loteriadominicana.com.do
LN|2026-08-09|MID,2026-08-09,MID,03,18,04,2026-08-09T19:01:11Z,loteriadominicana.com.do
LN|2026-08-09|NIGHT,2026-08-09,NIGHT,39,98,37,2026-08-10T02:01:04Z,loteriadominicana.com.do
LN|2026-08-10|MID,2026-08-10,MID,42,54,55,2026-08-10T19:01:09Z,loteriadominicana.com.do
LN|2026-08-10|NIGHT,2026-08-10,NIGHT,07,76,66,2026-08-11T02:01:20Z,loteriadominicana.com.do
LN|2026-08-11|MID,2026-08-11,MID,88,28,03,2026-08-11T19:01:15Z,loteriadominicana.com.do
LN|2026-08-11|NIGHT,2026-08-11,NIGHT,38,41,99,2026-08-12T02:01:20Z,loteriadominicana.com.do
LN|2026-08-12|MID,2026-08-12,MID,99,08,58,2026-08-12T19:01:14Z,loteriadominicana.com.do
LN|2026-08-12|NIGHT,2026-08-12,NIGHT,86,67,45,2026-08-13T02:01:17Z,loteriadominicana.com.do
LN|2026-08-13|MID,2026-08-13,MID,03,89,17,2026-08-13T19:01:16Z,loteriadominicana.com.do
LN|2026-08-13|NIGHT,2026-08-13,NIGHT,17,92,95,2026-08-14T02:01:18Z,loteriadominicana.com.do
LN|2026-08-14|MID,2026-08-14,MID,42,51,82,2026-08-14T19:00:37Z,loteriadominicana.com.do
LN|2026-08-14|NIGHT,2026-08-14,NIGHT,89,87,14,2026-08-15T02:00:35Z,loteriadominicana.com.do
LN|2026-08-15|MID,2026-08-15,MID,89,90,26,2026-08-15T19:00:36Z,loteriadominicana.com.do
LN|2026-08-15|NIGHT,2026-08-15,NIGHT,95,28,36,2026-08-16T02:00:32Z,loteriadominicana.com.do
LN|2026-08-17|MID,2026-08-17,MID,58,93,32,2026-08-17T19:00:36Z,loteriadominicana.com.do
LN|2026-08-17|NIGHT,2026-08-17,NIGHT,93,71,54,2026-08-18T02:00:35Z,loteriadominicana.com.do
LN|2026-08-18|MID,2026-08-18,MID,34,22,03,2026-08-18T19:00:32Z,loteriadominicana.com.do
LN|2026-08-18|NIGHT,2026-08-18,NIGHT,17,50,95,2026-08-19T02:00:33Z,loteriadominicana.com.do
LN|2026-08-19|MID,2026-08-19,MID,40,72,18,2026-08-19T19:00:32Z,loteriadominicana.com.do
LN|2026-08-19|NIGHT,2026-08-19,NIGHT,87,91,38,2026-08-20T02:00:35Z,loteriadominicana.com.do
LN|2026-08-20|MID,2026-08-20,MID,28,79,28,2026-08-20T19:00:31Z,loteriadominicana.com.do
LN|2026-08-20|NIGHT,2026-08-20,NIGHT,97,82,74,2026-08-21T02:00:29Z,loteriadominicana.com.do
LN|2026-08-21|MID,2026-08-21,MID,82,54,16,2026-08-21T19:01:10Z,loteriadominicana.com.do
LN|2026-08-21|NIGHT,2026-08-21,NIGHT,53,02,40,2026-08-22T02:01:08Z,loteriadominicana.com.do
